P6	2013-02-04T19:21:12Z
P7	2013-02-04T19:21:38Z
P9	2013-02-04T19:21:53Z
P10	2013-02-04T19:28:19Z
P14	2013-02-04T19:36:57Z
P15	2013-02-04T19:38:26Z
P16	2013-02-04T19:41:19Z
P17	2013-02-04T19:43:51Z
P18	2013-02-04T19:51:19Z
P19	2013-02-04T19:53:15Z
P20	2013-02-04T19:54:51Z
P21	2013-02-04T19:56:10Z
P22	2013-02-04T19:59:01Z
P25	2013-02-04T19:59:40Z
P26	2013-02-04T20:00:36Z
P27	2013-02-04T20:09:03Z
P30	2013-02-04T20:46:41Z
P31	2013-02-04T20:46:46Z
P35	2013-02-04T21:25:11Z
P36	2013-02-04T21:35:46Z
P37	2013-02-04T21:41:38Z
P38	2013-02-04T21:45:30Z
P39	2013-02-04T21:49:38Z
P40	2013-02-04T21:51:06Z
P41	2013-02-04T22:11:07Z
P43	2013-02-04T22:22:15Z
P44	2013-02-04T22:32:19Z
P45	2013-02-04T22:34:17Z
P47	2013-02-04T23:01:32Z
P50	2013-02-04T23:44:56Z
P51	2013-02-05T00:02:11Z
P53	2013-02-05T01:28:38Z
P54	2013-02-05T01:53:43Z
P57	2013-02-05T03:00:55Z
P58	2013-02-05T03:10:06Z
P59	2013-02-05T04:58:15Z
P61	2013-02-05T05:09:00Z
P65	2013-02-05T05:12:36Z
P66	2013-02-05T07:31:53Z
P69	2013-02-05T09:43:04Z
P70	2013-02-05T10:46:57Z
P71	2013-02-05T10:49:46Z
P74	2013-02-05T11:07:44Z
P78	2013-02-05T11:56:15Z
P81	2013-02-05T13:46:01Z
P84	2013-02-05T14:40:40Z
P85	2013-02-05T17:36:13Z
P86	2013-02-05T17:42:15Z
P87	2013-02-05T17:42:28Z
P88	2013-02-05T17:49:49Z
P91	2013-02-05T21:01:10Z
P92	2013-02-05T21:09:55Z
P94	2013-02-06T19:34:00Z
P97	2013-02-07T02:03:37Z
P98	2013-02-07T03:59:04Z
P101	2013-02-07T22:12:37Z
P102	2013-02-07T23:12:37Z
P103	2013-02-08T13:12:19Z
P105	2013-02-08T18:17:25Z
P106	2013-02-10T11:19:12Z
P107	2013-02-11T10:38:25Z
P108	2013-02-13T21:39:06Z
P109	2013-02-14T08:55:47Z
P110	2013-02-15T10:43:58Z
P111	2013-02-16T07:47:49Z
P112	2013-02-17T00:31:36Z
P113	2013-02-17T04:23:25Z
P114	2013-02-17T04:45:58Z
P115	2013-02-17T08:41:30Z
P117	2013-02-18T00:41:45Z
P118	2013-02-18T00:44:56Z
P119	2013-02-18T05:09:04Z
P121	2013-02-18T05:54:57Z
P122	2013-02-18T19:29:14Z
P123	2013-02-18T20:53:27Z
P126	2013-02-19T03:45:04Z
P127	2013-02-19T03:45:23Z
P128	2013-02-19T21:49:35Z
P129	2013-02-20T06:08:06Z
P131	2013-02-21T08:18:34Z
P132	2013-02-21T09:02:55Z
P133	2013-02-21T22:46:38Z
P134	2013-02-21T22:51:18Z
P135	2013-02-22T09:49:06Z
P136	2013-02-22T10:01:02Z
P137	2013-02-22T12:00:48Z
P138	2013-02-23T04:12:47Z
P140	2013-02-23T23:14:40Z
P141	2013-02-24T05:53:34Z
P143	2013-02-24T09:03:21Z
P144	2013-02-24T14:36:14Z
P149	2013-02-24T18:27:42Z
P150	2013-02-24T19:59:18Z
P154	2013-02-25T21:17:17Z
P155	2013-02-25T22:08:04Z
P156	2013-02-25T22:08:34Z
P157	2013-02-26T04:26:17Z
P158	2013-02-26T20:25:48Z
P159	2013-02-27T00:32:03Z
P161	2013-02-27T14:16:41Z
P162	2013-02-27T15:09:22Z
P163	2013-02-27T16:29:57Z
P166	2013-02-28T06:51:55Z
P167	2013-02-28T16:10:56Z
P169	2013-02-28T23:50:07Z
P170	2013-03-01T06:46:17Z
P171	2013-03-01T09:49:55Z
P172	2013-03-01T09:55:10Z
P175	2013-03-02T02:00:53Z
P176	2013-03-02T14:44:23Z
P177	2013-03-02T17:55:08Z
P178	2013-03-03T02:09:30Z
P179	2013-03-03T09:15:21Z
P180	2013-03-03T09:19:03Z
P181	2013-03-03T14:28:05Z
P183	2013-03-03T14:32:02Z
P184	2013-03-03T14:41:36Z
P185	2013-03-03T14:42:41Z
P186	2013-03-03T14:48:37Z
P189	2013-03-03T14:52:50Z
P190	2013-03-03T19:19:43Z
P193	2013-03-04T15:28:44Z
P194	2013-03-04T17:29:26Z
P195	2013-03-04T18:18:14Z
P196	2013-03-04T21:41:26Z
P197	2013-03-05T00:06:53Z
P198	2013-03-05T02:48:24Z
P199	2013-03-05T22:41:51Z
P200	2013-03-06T00:02:17Z
P201	2013-03-06T00:03:02Z
P202	2013-03-06T00:27:00Z
P205	2013-03-06T00:42:32Z
P206	2013-03-06T01:00:53Z
P207	2013-03-06T01:13:37Z
P208	2013-03-06T08:00:50Z
P209	2013-03-06T08:12:15Z
P210	2013-03-06T09:14:01Z
P212	2013-03-06T20:39:56Z
P213	2013-03-06T20:40:41Z
P214	2013-03-06T20:50:29Z
P215	2013-03-06T20:56:11Z
P217	2013-03-06T21:05:07Z
P218	2013-03-06T21:43:20Z
P219	2013-03-06T21:43:41Z
P220	2013-03-06T21:43:50Z
P221	2013-03-06T21:43:58Z
P223	2013-03-06T22:26:02Z
P225	2013-03-06T22:51:10Z
P227	2013-03-06T23:06:15Z
P229	2013-03-06T23:11:11Z
P230	2013-03-06T23:13:15Z
P231	2013-03-06T23:18:09Z
P232	2013-03-06T23:24:19Z
P233	2013-03-06T23:30:24Z
P234	2013-03-06T23:34:14Z
P235	2013-03-06T23:39:18Z
P236	2013-03-07T01:52:26Z
P237	2013-03-07T01:58:03Z
P238	2013-03-07T04:55:07Z
P239	2013-03-07T04:56:00Z
P240	2013-03-07T04:57:14Z
P241	2013-03-07T11:04:44Z
P242	2013-03-07T16:08:06Z
P243	2013-03-07T18:20:40Z
P244	2013-03-07T18:50:05Z
P245	2013-03-07T18:50:27Z
P246	2013-03-07T20:13:54Z
P247	2013-03-07T20:53:32Z
P248	2013-03-08T09:33:15Z
P249	2013-03-08T16:02:02Z
P263	2013-03-09T04:35:32Z
P264	2013-03-10T06:57:05Z
P267	2013-03-10T13:14:32Z
P268	2013-03-10T13:32:57Z
P269	2013-03-10T13:35:48Z
P270	2013-03-10T13:37:07Z
P271	2013-03-10T13:42:38Z
P272	2013-03-10T17:32:51Z
P274	2013-03-12T00:58:27Z
P275	2013-03-12T11:43:37Z
P276	2013-03-12T18:18:10Z
P277	2013-03-12T21:49:20Z
P278	2013-03-12T22:59:41Z
P279	2013-03-12T22:59:46Z
P281	2013-03-12T23:07:38Z
P282	2013-03-12T23:11:10Z
P286	2013-03-13T13:27:25Z
P287	2013-03-14T00:44:14Z
P289	2013-03-14T21:29:11Z
P291	2013-03-16T06:10:22Z
P296	2013-03-17T21:36:20Z
P297	2013-03-18T20:46:31Z
P298	2013-03-18T20:46:35Z
P299	2013-03-18T20:46:39Z
P300	2013-03-18T20:46:44Z
P301	2013-03-19T06:32:45Z
P303	2013-03-20T06:04:35Z
P304	2013-03-20T20:02:44Z
P305	2013-03-20T21:21:07Z
P306	2013-03-21T15:49:27Z
P344	2013-03-23T14:01:08Z
P345	2013-03-24T09:34:57Z
P347	2013-03-24T14:34:20Z
P348	2013-03-24T19:11:30Z
P349	2013-03-25T01:27:26Z
P350	2013-03-25T08:30:07Z
P351	2013-03-25T23:49:16Z
P352	2013-03-25T23:49:49Z
P353	2013-03-25T23:50:18Z
P354	2013-03-25T23:50:49Z
P355	2013-03-26T02:22:11Z
P356	2013-03-26T16:47:19Z
P357	2013-03-26T16:50:29Z
P358	2013-03-26T18:03:44Z
P359	2013-03-26T20:04:42Z
P360	2013-03-27T03:58:10Z
P361	2013-03-27T15:49:40Z
P364	2013-03-28T00:25:13Z
P366	2013-03-28T13:38:03Z
P367	2013-03-29T13:13:38Z
P368	2013-03-30T01:02:16Z
P369	2013-03-30T01:03:53Z
P370	2013-03-30T01:04:16Z
P371	2013-03-30T14:08:03Z
P373	2013-03-31T07:29:23Z
P374	2013-03-31T07:48:14Z
P375	2013-03-31T10:09:49Z
P376	2013-03-31T19:59:31Z
P377	2013-03-31T20:25:44Z
P380	2013-04-02T11:27:40Z
P381	2013-04-02T11:32:31Z
P382	2013-04-02T12:56:31Z
P387	2013-04-04T07:36:59Z
P392	2013-04-04T22:05:12Z
P393	2013-04-06T01:15:59Z
P395	2013-04-06T12:14:48Z
P396	2013-04-06T19:57:00Z
P397	2013-04-06T21:13:25Z
P398	2013-04-06T21:18:49Z
P399	2013-04-06T21:24:05Z
P400	2013-04-07T07:05:44Z
P402	2013-04-07T15:10:10Z
P403	2013-04-07T16:33:21Z
P404	2013-04-07T17:08:18Z
P405	2013-04-07T19:42:59Z
P406	2013-04-08T19:18:29Z
P407	2013-04-10T06:50:52Z
P408	2013-04-13T01:51:13Z
P409	2013-04-14T08:39:49Z
P410	2013-04-14T08:59:20Z
P411	2013-04-14T09:26:16Z
P412	2013-04-14T09:40:25Z
P413	2013-04-14T10:07:39Z
P414	2013-04-14T10:18:01Z
P415	2013-04-14T10:36:01Z
P416	2013-04-14T11:21:58Z
P417	2013-04-14T11:44:42Z
P418	2013-04-14T12:26:44Z
P421	2013-04-14T12:57:15Z
P423	2013-04-14T14:37:42Z
P424	2013-04-14T15:06:38Z
P425	2013-04-15T17:01:11Z
P426	2013-04-15T17:13:55Z
P427	2013-04-15T17:25:38Z
P428	2013-04-15T17:41:37Z
P429	2013-04-16T17:26:24Z
P432	2013-04-17T16:17:24Z
P433	2013-04-17T16:56:43Z
P434	2013-04-18T16:20:43Z
P435	2013-04-18T16:21:56Z
P436	2013-04-18T16:22:37Z
P437	2013-04-19T01:30:57Z
P438	2013-04-19T11:11:10Z
P439	2013-04-19T18:54:43Z
P440	2013-04-19T19:00:42Z
P442	2013-04-19T19:44:56Z
P443	2013-04-20T06:04:46Z
P444	2013-04-20T21:19:13Z
P447	2013-04-20T21:20:32Z
P448	2013-04-21T14:52:26Z
P449	2013-04-21T19:17:29Z
P450	2013-04-21T19:36:57Z
P451	2013-04-21T20:27:26Z
P452	2013-04-21T21:52:48Z
P453	2013-04-22T16:17:45Z
P454	2013-04-22T20:06:08Z
P455	2013-04-22T20:09:27Z
P457	2013-04-24T12:10:40Z
P458	2013-04-24T13:10:09Z
P459	2013-04-25T07:47:18Z
P460	2013-04-25T08:01:03Z
P461	2013-04-25T09:24:50Z
P462	2013-04-25T15:10:09Z
P463	2013-04-25T15:51:22Z
P464	2013-04-25T19:10:58Z
P465	2013-04-25T20:12:32Z
P466	2013-04-26T06:52:23Z
P467	2013-04-27T04:59:11Z
P468	2013-04-27T05:35:48Z
P469	2013-04-27T09:02:51Z
P470	2013-04-27T11:41:42Z
P473	2013-04-28T04:56:19Z
P474	2013-04-28T05:11:07Z
P476	2013-04-28T09:08:10Z
P477	2013-04-28T17:14:06Z
P478	2013-04-29T11:31:36Z
P479	2013-05-02T06:56:44Z
P480	2013-05-02T07:04:54Z
P481	2013-05-03T16:25:02Z
P483	2013-05-03T16:45:22Z
P484	2013-05-04T11:39:41Z
P485	2013-05-04T14:44:11Z
P486	2013-05-04T16:18:47Z
P487	2013-05-04T17:37:20Z
P488	2013-05-04T19:07:25Z
P489	2013-05-05T07:03:44Z
P490	2013-05-05T12:52:34Z
P491	2013-05-05T13:32:44Z
P492	2013-05-05T19:26:24Z
P493	2013-05-05T20:02:59Z
P494	2013-05-05T20:11:46Z
P495	2013-05-06T17:27:14Z
P496	2013-05-06T17:56:15Z
P497	2013-05-06T18:01:05Z
P498	2013-05-08T03:23:22Z
P500	2013-05-09T07:29:37Z
P501	2013-05-09T07:30:20Z
P502	2013-05-10T23:02:06Z
P503	2013-05-10T23:14:40Z
P504	2013-05-11T09:27:26Z
P505	2013-05-11T12:04:57Z
P506	2013-05-11T13:28:46Z
P507	2013-05-11T16:07:47Z
P508	2013-05-12T00:23:27Z
P509	2013-05-12T17:13:03Z
P511	2013-05-12T17:47:48Z
P512	2013-05-12T18:02:26Z
P513	2013-05-12T18:08:55Z
P514	2013-05-12T20:43:39Z
P515	2013-05-12T21:12:15Z
P516	2013-05-13T07:15:29Z
P517	2013-05-13T14:05:37Z
P518	2013-05-13T17:06:04Z
P520	2013-05-16T05:42:28Z
P521	2013-05-16T06:16:53Z
P522	2013-05-16T08:45:42Z
P523	2013-05-16T12:25:35Z
P524	2013-05-16T12:25:51Z
P525	2013-05-16T18:07:21Z
P527	2013-05-17T12:31:55Z
P528	2013-05-18T13:57:51Z
P529	2013-05-19T08:41:03Z
P530	2013-05-19T09:54:07Z
P531	2013-05-19T09:59:57Z
P532	2013-05-19T10:53:56Z
P533	2013-05-19T21:34:47Z
P534	2013-05-21T09:57:14Z
P535	2013-05-21T17:54:12Z
P536	2013-05-22T11:54:56Z
P537	2013-05-23T06:48:26Z
P538	2013-05-23T09:10:01Z
P539	2013-05-23T14:00:53Z
P541	2013-05-24T21:23:58Z
P542	2013-05-24T21:28:06Z
P543	2013-05-24T21:30:25Z
P545	2013-05-24T21:39:58Z
P546	2013-05-24T21:48:13Z
P547	2013-05-25T20:01:01Z
P548	2013-05-25T20:07:16Z
P549	2013-05-25T20:14:20Z
P550	2013-05-25T20:17:54Z
P551	2013-05-25T20:22:34Z
P552	2013-05-25T20:25:31Z
P553	2013-05-25T20:37:24Z
P554	2013-05-25T20:38:48Z
P555	2013-05-25T20:43:39Z
P556	2013-05-25T20:53:36Z
P557	2013-05-25T21:05:05Z
P558	2013-05-25T21:11:45Z
P559	2013-05-26T01:04:41Z
P560	2013-05-26T01:06:40Z
P561	2013-05-26T06:00:05Z
P562	2013-05-26T06:47:25Z
P563	2013-05-26T21:04:52Z
P564	2013-05-28T09:29:47Z
P565	2013-05-28T10:13:21Z
P566	2013-05-29T07:10:00Z
P567	2013-05-29T15:57:44Z
P568	2013-05-29T15:57:48Z
P569	2013-05-29T19:15:58Z
P570	2013-05-29T19:31:51Z
P571	2013-05-29T19:46:29Z
P574	2013-05-29T19:51:06Z
P575	2013-05-29T19:52:04Z
P576	2013-05-29T21:15:34Z
P577	2013-05-29T21:40:41Z
P578	2013-05-30T07:27:40Z
P579	2013-05-30T08:36:58Z
P580	2013-05-30T12:09:34Z
P582	2013-05-30T12:11:39Z
P585	2013-05-30T12:39:36Z
P586	2013-05-31T16:42:11Z
P587	2013-05-31T16:48:07Z
P588	2013-06-01T20:12:12Z
P589	2013-06-01T20:44:06Z
P590	2013-06-02T19:00:15Z
P591	2013-06-02T19:14:35Z
P592	2013-06-02T19:34:14Z
P593	2013-06-02T19:43:35Z
P594	2013-06-02T19:43:44Z
P595	2013-06-02T19:44:00Z
P597	2013-06-05T09:16:47Z
P598	2013-06-05T09:18:22Z
P599	2013-06-05T13:17:53Z
P600	2013-06-05T19:17:32Z
P604	2013-06-06T10:46:58Z
P605	2013-06-06T20:57:59Z
P606	2013-06-07T05:05:18Z
P607	2013-06-07T19:08:32Z
P608	2013-06-08T09:04:55Z
P609	2013-06-08T20:51:30Z
P610	2013-06-09T10:55:04Z
P611	2013-06-09T18:21:30Z
P612	2013-06-09T18:28:08Z
P613	2013-06-09T19:23:09Z
P616	2013-06-09T19:45:45Z
P617	2013-06-09T20:03:34Z
P618	2013-06-09T20:06:44Z
P619	2013-06-09T20:35:05Z
P620	2013-06-09T20:35:37Z
P621	2013-06-09T20:44:02Z
P622	2013-06-09T21:05:00Z
P624	2013-06-09T21:21:22Z
P625	2013-06-10T18:28:28Z
P626	2013-06-10T18:42:47Z
P627	2013-06-12T17:47:00Z
P628	2013-06-14T16:33:07Z
P629	2013-06-15T07:46:06Z
P630	2013-06-16T07:44:32Z
P631	2013-06-16T07:53:49Z
P632	2013-06-16T08:03:42Z
P633	2013-06-16T08:08:33Z
P634	2013-06-16T19:04:40Z
P635	2013-06-17T09:18:29Z
P636	2013-06-17T14:01:54Z
P637	2013-06-18T09:17:49Z
P638	2013-06-18T09:24:33Z
P639	2013-06-18T09:45:53Z
P640	2013-06-18T09:55:23Z
P641	2013-06-18T21:17:40Z
P642	2013-06-18T21:23:11Z
P643	2013-06-18T21:31:08Z
P644	2013-06-18T21:31:14Z
P645	2013-06-18T21:31:18Z
P646	2013-06-18T21:31:35Z
P647	2013-06-18T21:46:39Z
P648	2013-06-18T22:04:21Z
P649	2013-06-19T08:31:25Z
P650	2013-06-19T08:38:47Z
P651	2013-06-19T08:40:52Z
P652	2013-06-19T08:44:13Z
P653	2013-06-19T08:55:22Z
P654	2013-06-20T23:02:12Z
P655	2013-06-22T06:09:33Z
P656	2013-06-22T09:53:45Z
P657	2013-06-27T09:39:36Z
P658	2013-06-30T15:49:24Z
P659	2013-07-02T12:17:30Z
P660	2013-07-02T12:28:28Z
P661	2013-07-02T12:36:02Z
P662	2013-07-02T14:45:45Z
P663	2013-07-02T19:13:13Z
P664	2013-07-03T10:12:50Z
P665	2013-07-03T12:42:33Z
P667	2013-07-03T12:59:12Z
P668	2013-07-03T13:15:13Z
P669	2013-07-03T19:11:36Z
P670	2013-07-03T19:18:04Z
P671	2013-07-04T06:59:16Z
P672	2013-07-04T09:34:15Z
P673	2013-07-05T22:37:08Z
P674	2013-07-06T18:04:09Z
P675	2013-07-06T18:11:13Z
P676	2013-07-06T18:19:15Z
P677	2013-07-06T21:04:00Z
P678	2013-07-07T19:14:11Z
P679	2013-07-08T22:55:54Z
P680	2013-07-09T08:39:40Z
P681	2013-07-09T08:55:01Z
P682	2013-07-09T09:00:32Z
P683	2013-07-09T09:23:17Z
P684	2013-07-10T09:27:03Z
P685	2013-07-10T09:46:02Z
P686	2013-07-11T14:10:51Z
P687	2013-07-12T10:19:36Z
P688	2013-07-12T10:40:49Z
P689	2013-07-13T07:43:50Z
P690	2013-07-15T10:47:02Z
P691	2013-07-16T10:59:50Z
P692	2013-07-17T08:39:28Z
P693	2013-07-17T18:12:25Z
P694	2013-07-17T19:06:57Z
P695	2013-07-17T19:14:41Z
P696	2013-07-17T20:18:55Z
P697	2013-07-18T08:48:05Z
P698	2013-07-18T08:54:47Z
P699	2013-07-18T09:04:41Z
P700	2013-07-18T13:22:40Z
P701	2013-07-19T15:28:10Z
P702	2013-07-21T12:23:28Z
P703	2013-07-22T20:12:05Z
P704	2013-07-23T19:26:24Z
P705	2013-07-23T19:29:22Z
P706	2013-07-23T19:54:39Z
P707	2013-07-24T09:18:32Z
P708	2013-07-24T12:41:43Z
P709	2013-07-24T12:55:38Z
P710	2013-07-24T23:42:41Z
P711	2013-07-25T20:02:33Z
P712	2013-07-25T20:02:35Z
P713	2013-07-25T20:02:37Z
P714	2013-07-25T20:02:39Z
P715	2013-07-26T08:53:08Z
P716	2013-07-26T09:03:41Z
P717	2013-07-26T09:12:12Z
P718	2013-07-26T14:26:14Z
P720	2013-07-27T08:14:34Z
P721	2013-07-28T09:30:45Z
P722	2013-07-28T15:34:42Z
P723	2013-07-28T18:15:37Z
P724	2013-07-29T10:30:25Z
P725	2013-07-29T18:16:24Z
P726	2013-07-29T19:07:53Z
P727	2013-07-30T10:22:18Z
P728	2013-07-30T10:48:31Z
P729	2013-07-31T00:17:11Z
P730	2013-07-31T00:21:18Z
P731	2013-07-31T18:55:57Z
P732	2013-07-31T18:56:04Z
P733	2013-07-31T18:56:12Z
P734	2013-07-31T19:49:58Z
P735	2013-07-31T19:52:20Z
P736	2013-08-01T08:35:59Z
P737	2013-08-01T10:21:47Z
P738	2013-08-01T10:27:13Z
P739	2013-08-01T14:24:12Z
P740	2013-08-01T18:55:03Z
P741	2013-08-01T19:18:35Z
P742	2013-08-01T19:26:41Z
P743	2013-08-01T22:19:00Z
P744	2013-08-01T22:20:29Z
P745	2013-08-02T06:26:16Z
P746	2013-08-02T07:25:11Z
P747	2013-08-02T09:32:17Z
P748	2013-08-02T12:01:34Z
P749	2013-08-02T13:09:33Z
P750	2013-08-02T14:34:16Z
P751	2013-08-02T14:57:57Z
P756	2013-08-02T15:02:54Z
P757	2013-08-02T22:09:14Z
P758	2013-08-03T02:35:41Z
P759	2013-08-03T15:43:34Z
P760	2013-08-04T13:10:35Z
P761	2013-08-04T14:31:42Z
P762	2013-08-04T14:49:41Z
P763	2013-08-04T15:11:39Z
P764	2013-08-04T15:58:35Z
P765	2013-08-05T10:17:20Z
P766	2013-08-05T10:21:03Z
P767	2013-08-05T12:50:38Z
P768	2013-08-05T17:07:23Z
P769	2013-08-06T08:32:26Z
P770	2013-08-06T09:24:43Z
P771	2013-08-07T07:51:24Z
P772	2013-08-07T08:02:31Z
P773	2013-08-07T10:38:58Z
P774	2013-08-07T10:43:44Z
P775	2013-08-07T10:49:31Z
P776	2013-08-07T10:52:38Z
P777	2013-08-07T10:56:05Z
P778	2013-08-07T10:58:20Z
P779	2013-08-07T11:01:11Z
P780	2013-08-07T16:09:33Z
P781	2013-08-07T19:17:41Z
P782	2013-08-08T06:32:35Z
P783	2013-08-09T21:36:15Z
P784	2013-08-09T21:36:27Z
P785	2013-08-09T21:36:43Z
P786	2013-08-09T21:36:59Z
P787	2013-08-09T21:37:12Z
P788	2013-08-09T21:37:28Z
P789	2013-08-09T21:37:49Z
P790	2013-08-11T02:27:45Z
P791	2013-08-12T10:27:46Z
P792	2013-08-12T17:33:42Z
P793	2013-08-13T16:58:11Z
P794	2013-08-13T22:39:36Z
P795	2013-08-14T00:05:14Z
P796	2013-08-14T00:09:35Z
P797	2013-08-14T00:12:51Z
P798	2013-08-14T00:28:37Z
P799	2013-08-14T00:37:01Z
P800	2013-08-14T00:39:40Z
P802	2013-08-14T00:45:25Z
P803	2013-08-14T00:52:02Z
P804	2013-08-14T01:25:22Z
P805	2013-08-14T11:00:51Z
P806	2013-08-15T03:23:31Z
P807	2013-08-17T01:32:50Z
P808	2013-08-17T23:27:32Z
P809	2013-08-20T01:47:54Z
P811	2013-08-20T14:50:41Z
P812	2013-08-20T14:51:48Z
P813	2013-08-20T14:56:49Z
P814	2013-08-20T22:37:03Z
P815	2013-08-21T22:08:21Z
P816	2013-08-22T20:44:30Z
P817	2013-08-22T20:44:51Z
P818	2013-08-25T15:36:40Z
P819	2013-08-25T16:09:13Z
P820	2013-08-25T16:42:59Z
P821	2013-08-25T22:59:32Z
P822	2013-08-26T06:22:27Z
P823	2013-08-26T06:38:34Z
P824	2013-08-26T08:07:06Z
P825	2013-08-26T14:13:23Z
P826	2013-08-26T14:34:58Z
P827	2013-08-26T14:57:32Z
P828	2013-08-27T18:18:12Z
P829	2013-08-28T15:06:10Z
P830	2013-08-29T18:01:12Z
P831	2013-08-29T21:55:19Z
P832	2013-08-30T01:14:50Z
P833	2013-08-30T01:39:42Z
P834	2013-08-30T18:29:33Z
P835	2013-08-31T12:51:16Z
P836	2013-09-02T10:43:47Z
P837	2013-09-03T01:48:03Z
P838	2013-09-03T14:53:10Z
P839	2013-09-03T18:49:43Z
P840	2013-09-04T09:55:04Z
P841	2013-09-04T12:41:28Z
P842	2013-09-06T09:39:26Z
P843	2013-09-06T14:14:48Z
P844	2013-09-06T14:23:53Z
P845	2013-09-07T00:09:58Z
P846	2013-09-07T19:42:16Z
P847	2013-09-07T19:48:31Z
P849	2013-09-07T19:54:23Z
P850	2013-09-07T19:55:32Z
P852	2013-09-09T04:56:30Z
P853	2013-09-10T02:50:13Z
P854	2013-09-10T22:17:31Z
P855	2013-09-10T22:18:54Z
P856	2013-09-10T22:43:54Z
P857	2013-09-11T09:58:09Z
P858	2013-09-11T10:04:52Z
P859	2013-09-11T10:05:51Z
P860	2013-09-11T10:06:46Z
P861	2013-09-11T10:07:59Z
P862	2013-09-11T10:10:25Z
P863	2013-09-11T10:11:40Z
P864	2013-09-11T10:12:40Z
P865	2013-09-11T10:14:06Z
P866	2013-09-11T10:14:43Z
P867	2013-09-11T10:15:36Z
P868	2013-09-11T10:17:23Z
P870	2013-09-11T10:20:22Z
P872	2013-09-11T10:22:25Z
P873	2013-09-11T10:25:28Z
P874	2013-09-11T10:26:27Z
P875	2013-09-11T10:27:09Z
P876	2013-09-11T10:27:54Z
P877	2013-09-11T10:28:54Z
P878	2013-09-11T10:30:06Z
P879	2013-09-11T10:30:44Z
P880	2013-09-11T10:42:27Z
P881	2013-09-11T10:43:49Z
P882	2013-09-11T10:45:49Z
P883	2013-09-11T10:46:20Z
P884	2013-09-11T10:47:04Z
P885	2013-09-11T10:48:28Z
P886	2013-09-11T10:49:28Z
P887	2013-09-11T10:50:41Z
P888	2013-09-11T10:51:19Z
P889	2013-09-11T10:52:35Z
P892	2013-09-11T10:55:16Z
P893	2013-09-11T10:56:28Z
P894	2013-09-11T10:57:35Z
P897	2013-09-11T22:17:12Z
P898	2013-09-12T00:44:15Z
P901	2013-09-12T09:32:26Z
P902	2013-09-12T09:33:24Z
P905	2013-09-13T18:42:08Z
P906	2013-09-13T23:58:18Z
P907	2013-09-14T00:09:22Z
P908	2013-09-15T04:19:24Z
P909	2013-09-15T23:51:02Z
P910	2013-09-16T18:23:59Z
P911	2013-09-16T18:58:49Z
P912	2013-09-16T20:22:55Z
P913	2013-09-17T10:44:50Z
P914	2013-09-17T16:03:20Z
P915	2013-09-17T19:54:30Z
P916	2013-09-20T04:59:30Z
P917	2013-09-21T11:39:17Z
P918	2013-09-21T11:41:36Z
P919	2013-09-21T11:41:45Z
P920	2013-09-22T06:03:41Z
P921	2013-09-22T06:10:28Z
P922	2013-09-22T06:12:29Z
P923	2013-09-22T06:15:30Z
P924	2013-09-22T06:16:14Z
P925	2013-09-22T06:17:11Z
P926	2013-09-22T06:17:48Z
P927	2013-09-22T06:18:20Z
P928	2013-09-22T06:19:47Z
P929	2013-09-22T06:20:46Z
P930	2013-09-22T06:26:11Z
P931	2013-09-22T06:27:14Z
P932	2013-09-22T06:29:40Z
P933	2013-09-23T10:56:48Z
P935	2013-09-24T16:22:08Z
P937	2013-09-24T23:24:10Z
P938	2013-09-25T06:24:08Z
P939	2013-09-26T15:30:33Z
P940	2013-09-28T00:29:23Z
P941	2013-09-30T19:45:09Z
P942	2013-10-01T17:05:16Z
P943	2013-10-01T18:39:08Z
P944	2013-10-03T19:12:26Z
P945	2013-10-04T15:04:01Z
P946	2013-10-08T13:03:28Z
P947	2013-10-08T15:53:53Z
P948	2013-10-09T18:49:44Z
P949	2013-10-13T14:39:28Z
P950	2013-10-13T14:44:45Z
P951	2013-10-13T18:10:15Z
P952	2013-10-14T21:51:43Z
P953	2013-10-15T02:23:26Z
P954	2013-10-15T12:49:35Z
P957	2013-10-15T16:17:59Z
P958	2013-10-15T17:44:17Z
P959	2013-10-16T05:57:03Z
P960	2013-10-16T05:57:49Z
P961	2013-10-16T05:58:26Z
P962	2013-10-16T05:59:10Z
P963	2013-10-16T09:37:55Z
P964	2013-10-16T09:40:07Z
P965	2013-10-16T09:41:46Z
P966	2013-10-16T09:43:23Z
P967	2013-10-16T09:44:42Z
P968	2013-10-16T09:52:10Z
P969	2013-10-16T09:52:31Z
P970	2013-10-18T21:46:53Z
P971	2013-10-19T10:25:12Z
P972	2013-10-21T05:39:34Z
P973	2013-10-21T06:06:34Z
P974	2013-10-22T18:57:50Z
P980	2013-10-23T10:50:51Z
P981	2013-10-23T10:54:20Z
P982	2013-10-23T10:57:14Z
P984	2013-10-23T11:01:42Z
P988	2013-10-23T11:05:30Z
P989	2013-10-26T14:01:28Z
P990	2013-10-26T14:06:38Z
P991	2013-10-26T14:08:18Z
P993	2013-10-26T14:14:35Z
P994	2013-10-26T14:15:23Z
P995	2013-10-26T14:16:06Z
P996	2013-10-26T14:23:26Z
P998	2013-10-26T14:30:23Z
P999	2013-10-26T16:45:20Z
P1000	2013-10-26T16:46:43Z
P1001	2013-10-26T19:52:33Z
P1002	2013-10-27T13:16:16Z
P1003	2013-10-27T21:57:32Z
P1004	2013-10-28T21:12:43Z
P1005	2013-10-29T16:34:34Z
P1006	2013-10-29T16:40:22Z
P1007	2013-10-30T10:26:12Z
P1011	2013-11-07T14:23:37Z
P1012	2013-11-07T14:24:00Z
P1013	2013-11-07T14:26:18Z
P1014	2013-11-07T16:31:42Z
P1015	2013-11-08T17:55:16Z
P1016	2013-11-09T21:49:10Z
P1017	2013-11-11T18:25:56Z
P1018	2013-11-12T14:17:19Z
P1019	2013-11-15T10:22:51Z
P1021	2013-11-18T12:35:30Z
P1022	2013-11-18T12:40:43Z
P1023	2013-11-18T12:44:45Z
P1024	2013-11-18T12:47:51Z
P1025	2013-11-18T12:59:40Z
P1026	2013-11-18T18:21:18Z
P1027	2013-11-18T18:23:48Z
P1028	2013-11-18T18:25:58Z
P1029	2013-11-18T18:32:35Z
P1030	2013-11-18T18:39:23Z
P1031	2013-11-18T18:50:15Z
P1032	2013-11-22T17:41:00Z
P1033	2013-11-22T18:28:37Z
P1034	2013-11-22T19:23:58Z
P1035	2013-11-22T20:10:20Z
P1036	2013-11-23T11:55:15Z
P1037	2013-11-23T14:41:54Z
P1038	2013-11-23T14:57:35Z
P1039	2013-11-23T14:57:51Z
P1040	2013-11-23T17:57:34Z
P1041	2013-11-27T16:07:10Z
P1042	2013-11-29T05:49:27Z
P1043	2013-11-30T14:39:03Z
P1044	2013-11-30T17:35:17Z
P1045	2013-12-03T08:39:52Z
P1046	2013-12-03T16:31:13Z
P1047	2013-12-05T14:39:35Z
P1048	2013-12-05T17:05:59Z
P1049	2013-12-06T14:40:52Z
P1050	2013-12-07T02:10:34Z
P1051	2013-12-09T18:02:39Z
P1052	2013-12-09T23:08:54Z
P1053	2013-12-13T17:10:42Z
P1054	2013-12-14T20:16:21Z
P1055	2013-12-16T19:21:09Z
P1056	2013-12-23T00:01:24Z
P1057	2013-12-24T23:12:53Z
P1058	2014-01-05T16:54:12Z
P1059	2014-01-06T09:47:01Z
P1060	2014-01-07T10:29:29Z
P1064	2014-01-09T17:05:31Z
P1065	2014-01-10T23:07:47Z
P1066	2014-01-11T08:29:31Z
P1067	2014-01-13T20:42:47Z
P1068	2014-01-15T16:08:05Z
P1069	2014-01-15T16:16:10Z
P1070	2014-01-15T16:25:25Z
P1071	2014-01-18T08:21:42Z
P1072	2014-01-18T17:22:42Z
P1073	2014-01-18T17:22:48Z
P1074	2014-01-18T17:46:36Z
P1075	2014-01-20T21:17:02Z
P1076	2014-01-20T21:37:39Z
P1077	2014-01-25T17:19:12Z
P1078	2014-01-26T20:43:55Z
P1079	2014-01-29T14:44:32Z
P1080	2014-01-30T13:12:41Z
P1081	2014-01-30T23:35:43Z
P1082	2014-01-31T00:02:44Z
P1083	2014-01-31T00:08:30Z
P1084	2014-01-31T00:45:13Z
P1085	2014-01-31T01:20:16Z
P1086	2014-01-31T07:07:53Z
P1087	2014-01-31T07:15:33Z
P1088	2014-01-31T07:33:20Z
P1090	2014-01-31T08:33:39Z
P1092	2014-01-31T08:48:27Z
P1093	2014-01-31T09:02:08Z
P1096	2014-01-31T09:15:53Z
P1097	2014-01-31T09:34:01Z
P1098	2014-01-31T12:56:30Z
P1099	2014-01-31T13:00:58Z
P1100	2014-01-31T13:06:51Z
P1101	2014-01-31T13:10:12Z
P1102	2014-01-31T13:11:13Z
P1103	2014-01-31T13:17:11Z
P1104	2014-01-31T13:24:54Z
P1106	2014-01-31T14:39:31Z
P1107	2014-01-31T14:44:26Z
P1108	2014-01-31T17:19:31Z
P1109	2014-01-31T17:24:43Z
P1110	2014-01-31T17:52:29Z
P1111	2014-01-31T20:52:14Z
P1112	2014-01-31T22:43:20Z
P1113	2014-01-31T23:07:44Z
P1114	2014-02-01T18:36:27Z
P1115	2014-02-02T11:53:35Z
P1116	2014-02-02T12:05:51Z
P1117	2014-02-02T12:26:48Z
P1118	2014-02-02T13:02:48Z
P1119	2014-02-02T13:25:43Z
P1120	2014-02-02T13:30:35Z
P1121	2014-02-02T13:34:51Z
P1122	2014-02-02T13:42:58Z
P1123	2014-02-02T13:53:48Z
P1124	2014-02-02T13:57:42Z
P1125	2014-02-02T14:01:48Z
P1126	2014-02-02T14:13:26Z
P1127	2014-02-02T14:15:28Z
P1128	2014-02-02T14:37:40Z
P1129	2014-02-02T14:51:19Z
P1130	2014-02-02T15:41:43Z
P1131	2014-02-02T15:58:11Z
P1132	2014-02-03T14:28:12Z
P1133	2014-02-04T00:31:54Z
P1134	2014-02-04T03:10:42Z
P1135	2014-02-04T12:40:12Z
P1136	2014-02-04T14:57:48Z
P1137	2014-02-04T15:06:39Z
P1138	2014-02-04T17:55:55Z
P1139	2014-02-04T18:11:57Z
P1140	2014-02-04T18:17:12Z
P1141	2014-02-04T18:43:22Z
P1142	2014-02-05T16:08:20Z
P1143	2014-02-06T20:01:58Z
P1144	2014-02-06T20:08:29Z
P1145	2014-02-10T14:32:33Z
P1146	2014-02-11T14:46:13Z
P1148	2014-02-17T21:42:02Z
P1149	2014-02-18T20:29:12Z
P1150	2014-02-18T21:04:06Z
P1151	2014-02-21T10:41:11Z
P1152	2014-02-21T10:42:22Z
P1153	2014-02-21T10:43:51Z
P1154	2014-02-21T10:44:37Z
P1155	2014-02-21T10:45:18Z
P1156	2014-02-21T10:46:13Z
P1157	2014-02-21T10:47:52Z
P1158	2014-02-21T10:55:45Z
P1159	2014-02-21T10:58:03Z
P1160	2014-02-21T10:59:13Z
P1161	2014-02-21T11:00:22Z
P1162	2014-02-21T11:01:06Z
P1163	2014-02-21T11:02:13Z
P1164	2014-02-21T11:04:36Z
P1165	2014-02-21T11:05:34Z
P1167	2014-02-21T11:08:50Z
P1168	2014-02-21T11:09:51Z
P1170	2014-02-24T21:30:02Z
P1171	2014-02-24T21:38:19Z
P1172	2014-02-24T21:55:53Z
P1174	2014-02-24T22:02:55Z
P1181	2014-02-25T12:43:23Z
P1182	2014-02-25T12:46:40Z
P1183	2014-02-25T12:47:27Z
P1184	2014-02-25T12:48:11Z
P1185	2014-02-25T12:50:03Z
P1186	2014-02-25T12:50:47Z
P1187	2014-02-25T13:20:46Z
P1188	2014-02-25T13:28:09Z
P1189	2014-02-25T13:41:25Z
P1190	2014-02-25T13:46:11Z
P1191	2014-02-25T13:50:23Z
P1192	2014-02-25T14:13:49Z
P1193	2014-02-25T21:59:12Z
P1194	2014-02-25T22:09:05Z
P1195	2014-02-26T10:42:55Z
P1196	2014-02-28T01:05:36Z
P1198	2014-02-28T17:41:45Z
P1199	2014-03-01T21:44:37Z
P1200	2014-03-03T19:05:59Z
P1201	2014-03-04T09:41:34Z
P1202	2014-03-04T20:34:42Z
P1203	2014-03-05T20:41:53Z
P1204	2014-03-07T18:13:53Z
P1207	2014-03-10T02:43:22Z
P1208	2014-03-11T22:27:01Z
P1209	2014-03-11T22:33:02Z
P1210	2014-03-11T22:40:04Z
P1211	2014-03-11T23:44:26Z
P1212	2014-03-13T12:08:30Z
P1213	2014-03-13T20:24:45Z
P1214	2014-03-19T07:22:52Z
P1215	2014-03-23T21:59:58Z
P1216	2014-03-25T13:25:13Z
P1217	2014-03-25T13:36:57Z
P1218	2014-03-25T13:45:07Z
P1219	2014-03-25T13:57:02Z
P1220	2014-03-25T14:00:30Z
P1221	2014-03-25T21:30:35Z
P1222	2014-03-26T20:36:06Z
P1223	2014-03-26T20:39:39Z
P1224	2014-03-26T20:49:15Z
P1225	2014-03-26T20:52:56Z
P1226	2014-03-26T20:58:08Z
P1227	2014-03-26T22:08:12Z
P1228	2014-04-02T15:34:49Z
P1229	2014-04-02T15:46:39Z
P1230	2014-04-03T14:18:51Z
P1231	2014-04-05T20:46:35Z
P1232	2014-04-06T19:32:35Z
P1233	2014-04-06T21:07:04Z
P1234	2014-04-06T21:10:05Z
P1235	2014-04-06T21:13:18Z
P1236	2014-04-06T22:37:14Z
P1237	2014-04-06T22:43:33Z
P1238	2014-04-07T01:18:01Z
P1239	2014-04-07T01:48:09Z
P1240	2014-04-07T11:52:06Z
P1241	2014-04-07T12:34:39Z
P1242	2014-04-07T15:07:53Z
P1243	2014-04-07T15:15:43Z
P1244	2014-04-08T13:35:55Z
P1245	2014-04-08T17:20:00Z
P1246	2014-04-08T18:36:46Z
P1247	2014-04-11T15:20:21Z
P1248	2014-04-12T11:35:05Z
P1249	2014-04-14T14:47:27Z
P1250	2014-04-14T14:53:09Z
P1251	2014-04-21T20:22:46Z
P1252	2014-04-21T20:32:46Z
P1253	2014-04-22T19:57:25Z
P1254	2014-04-22T20:05:27Z
P1255	2014-04-22T22:36:01Z
P1256	2014-04-22T22:43:30Z
P1257	2014-04-23T00:24:00Z
P1258	2014-04-25T20:30:11Z
P1259	2014-04-26T07:17:05Z
P1260	2014-04-28T16:58:46Z
P1261	2014-04-28T17:06:33Z
P1262	2014-04-28T17:09:44Z
P1263	2014-04-28T18:11:16Z
P1264	2014-04-29T14:32:31Z
P1265	2014-04-30T11:58:31Z
P1266	2014-04-30T11:59:49Z
P1267	2014-04-30T11:59:56Z
P1268	2014-04-30T12:38:13Z
P1269	2014-04-30T12:48:35Z
P1270	2014-04-30T14:11:24Z
P1271	2014-04-30T14:19:27Z
P1272	2014-04-30T14:23:24Z
P1273	2014-04-30T14:34:03Z
P1274	2014-04-30T18:07:56Z
P1275	2014-04-30T18:23:25Z
P1276	2014-04-30T18:29:39Z
P1277	2014-04-30T18:34:49Z
P1278	2014-04-30T21:50:26Z
P1279	2014-05-01T19:30:58Z
P1280	2014-05-03T00:12:32Z
P1281	2014-05-03T00:18:51Z
P1282	2014-05-03T09:51:30Z
P1283	2014-05-03T11:34:57Z
P1284	2014-05-03T11:47:42Z
P1285	2014-05-03T11:51:42Z
P1286	2014-05-03T11:54:38Z
P1287	2014-05-03T11:57:34Z
P1288	2014-05-03T12:00:37Z
P1289	2014-05-03T12:03:03Z
P1290	2014-05-03T16:58:25Z
P1291	2014-05-04T12:01:10Z
P1292	2014-05-05T14:10:41Z
P1293	2014-05-05T17:07:54Z
P1294	2014-05-05T18:24:12Z
P1295	2014-05-06T13:55:29Z
P1296	2014-05-06T17:48:49Z
P1297	2014-05-07T11:54:00Z
P1299	2014-05-08T11:55:35Z
P1300	2014-05-08T12:02:17Z
P1301	2014-05-10T11:36:46Z
P1302	2014-05-10T11:45:18Z
P1303	2014-05-10T22:42:06Z
P1304	2014-05-11T11:32:14Z
P1305	2014-05-11T15:02:13Z
P1306	2014-05-11T16:36:42Z
P1307	2014-05-12T11:50:18Z
P1308	2014-05-12T15:50:20Z
P1309	2014-05-13T15:41:04Z
P1310	2014-05-14T12:09:19Z
P1311	2014-05-15T00:59:42Z
P1312	2014-05-15T09:38:31Z
P1313	2014-05-15T11:58:44Z
P1314	2014-05-16T20:12:23Z
P1315	2014-05-17T10:32:11Z
P1316	2014-05-17T11:44:51Z
P1317	2014-05-18T13:17:32Z
P1318	2014-05-18T20:48:17Z
P1319	2014-05-19T13:59:48Z
P1320	2014-05-20T15:33:35Z
P1321	2014-05-20T17:36:32Z
P1322	2014-05-22T11:08:44Z
P1323	2014-05-22T11:16:12Z
P1324	2014-05-22T14:11:50Z
P1325	2014-05-23T16:28:06Z
P1326	2014-05-23T16:33:01Z
P1327	2014-05-23T16:39:28Z
P1329	2014-05-24T11:52:56Z
P1330	2014-05-24T11:55:11Z
P1331	2014-05-29T02:09:16Z
P1332	2014-05-31T22:21:42Z
P1333	2014-05-31T22:22:06Z
P1334	2014-05-31T22:22:23Z
P1335	2014-05-31T22:22:39Z
P1336	2014-05-31T22:43:42Z
P1338	2014-06-01T11:42:56Z
P1339	2014-06-03T13:40:30Z
P1340	2014-06-03T16:38:21Z
P1341	2014-06-06T09:02:23Z
P1342	2014-06-08T13:07:48Z
P1343	2014-06-09T16:17:32Z
P1344	2014-06-10T01:15:09Z
P1345	2014-06-11T00:13:44Z
P1346	2014-06-11T01:07:22Z
P1347	2014-06-11T01:17:19Z
P1348	2014-06-13T10:14:50Z
P1349	2014-06-13T10:23:50Z
P1350	2014-06-13T10:30:43Z
P1351	2014-06-13T10:32:50Z
P1352	2014-06-13T16:36:36Z
P1353	2014-06-14T08:27:18Z
P1354	2014-06-14T12:31:06Z
P1355	2014-06-17T20:19:20Z
P1356	2014-06-17T20:19:50Z
P1357	2014-06-17T20:20:28Z
P1358	2014-06-17T20:21:02Z
P1359	2014-06-17T20:21:23Z
P1360	2014-06-18T11:04:38Z
P1361	2014-06-19T11:27:16Z
P1362	2014-06-19T11:35:23Z
P1363	2014-06-20T18:08:21Z
P1364	2014-06-22T08:13:54Z
P1365	2014-06-22T08:41:10Z
P1366	2014-06-22T08:41:19Z
P1367	2014-06-22T09:08:49Z
P1368	2014-06-22T14:09:03Z
P1369	2014-06-22T14:58:16Z
P1370	2014-06-22T15:10:48Z
P1371	2014-06-22T15:14:42Z
P1372	2014-06-22T18:23:30Z
P1373	2014-06-22T18:26:42Z
P1375	2014-06-22T23:34:01Z
P1376	2014-06-23T19:46:17Z
P1377	2014-06-23T19:58:52Z
P1378	2014-06-23T20:02:40Z
P1380	2014-06-23T20:06:39Z
P1381	2014-06-23T20:11:42Z
P1382	2014-06-23T21:46:35Z
P1383	2014-06-23T21:51:54Z
P1384	2014-06-25T14:36:34Z
P1385	2014-06-25T14:42:47Z
P1386	2014-06-25T14:47:10Z
P1387	2014-06-26T13:19:53Z
P1388	2014-06-26T23:33:29Z
P1389	2014-06-27T20:41:04Z
P1390	2014-06-27T20:48:23Z
P1391	2014-06-28T17:36:01Z
P1392	2014-06-28T20:40:04Z
P1393	2014-06-29T08:56:06Z
P1394	2014-07-01T12:05:53Z
P1395	2014-07-01T19:02:45Z
P1396	2014-07-01T21:06:05Z
P1397	2014-07-01T21:36:47Z
P1398	2014-07-03T15:31:11Z
P1399	2014-07-05T16:41:39Z
P1400	2014-07-06T13:52:09Z
P1401	2014-07-06T20:09:25Z
P1402	2014-07-07T08:59:01Z
P1403	2014-07-07T09:25:35Z
P1404	2014-07-07T09:30:09Z
P1406	2014-07-07T20:18:12Z
P1407	2014-07-08T11:37:51Z
P1408	2014-07-08T22:27:32Z
P1409	2014-07-09T17:43:26Z
P1410	2014-07-10T15:16:37Z
P1411	2014-07-11T12:57:49Z
P1412	2014-07-11T13:33:16Z
P1413	2014-07-11T14:17:57Z
P1414	2014-07-11T16:25:03Z
P1415	2014-07-13T21:09:44Z
P1416	2014-07-15T12:57:58Z
P1417	2014-07-15T19:11:57Z
P1418	2014-07-15T20:14:38Z
P1419	2014-07-16T15:59:16Z
P1420	2014-07-17T08:42:31Z
P1421	2014-07-17T08:47:45Z
P1422	2014-07-17T13:10:28Z
P1423	2014-07-17T13:25:53Z
P1424	2014-07-17T13:26:20Z
P1425	2014-07-17T13:47:21Z
P1427	2014-07-19T12:14:59Z
P1428	2014-07-20T21:31:40Z
P1429	2014-07-21T01:26:51Z
P1430	2014-07-21T16:48:04Z
P1431	2014-07-22T00:19:28Z
P1432	2014-07-24T14:31:22Z
P1433	2014-07-26T16:27:31Z
P1434	2014-08-02T12:45:55Z
P1435	2014-08-02T16:45:25Z
P1436	2014-08-11T15:54:40Z
P1437	2014-08-11T17:18:29Z
P1438	2014-08-12T18:12:07Z
P1439	2014-08-12T18:13:23Z
P1440	2014-08-12T21:17:17Z
P1441	2014-08-17T01:20:17Z
P1442	2014-08-17T11:22:16Z
P1443	2014-08-17T11:40:52Z
P1444	2014-08-17T11:45:34Z
P1445	2014-08-17T12:07:30Z
P1446	2014-08-17T12:52:20Z
P1447	2014-08-19T17:07:03Z
P1448	2014-08-19T22:02:56Z
P1449	2014-08-19T22:06:58Z
P1450	2014-08-19T22:09:52Z
P1451	2014-08-19T22:12:14Z
P1453	2014-08-21T19:22:00Z
P1454	2014-08-22T12:44:45Z
P1455	2014-08-22T13:23:43Z
P1456	2014-08-22T13:31:13Z
P1457	2014-08-28T19:07:00Z
P1458	2014-08-28T20:06:07Z
